{
  "series": {
    "t": [
      0,
      0.5,
      1,
      1.5,
      2,
      2.5,
      3,
      3.5,
      4,
      4.5,
      5,
      5.5,
      6,
      6.5,
      7,
      7.5,
      8,
      8.5,
      9,
      9.5,
      10,
      10.5,
      11,
      11.5,
      12,
      12.5,
      13,
      13.5,
      14,
      14.5,
      15,
      15.5,
      16,
      16.5,
      17,
      17.5,
      18,
      18.5,
      19,
      19.5,
      20,
      20.5,
      21,
      21.5,
      22,
      22.5,
      23,
      23.5,
      24,
      24.5,
      25,
      25.5,
      26,
      26.5,
      27,
      27.5,
      28,
      28.5,
      29,
      29.5,
      30,
      30.5,
      31,
      31.5,
      32,
      32.5,
      33,
      33.5,
      34,
      34.5,
      35,
      35.5,
      36,
      36.5,
      37,
      37.5,
      38,
      38.5,
      39,
      39.5,
      40,
      40.5,
      41,
      41.5,
      42,
      42.5,
      43,
      43.5,
      44,
      44.5,
      45,
      45.5,
      46,
      46.5,
      47,
      47.5,
      48,
      48.5,
      49,
      49.5,
      50
    ],
    "y": {
      "A": [
        0,
        150,
        325.8225,
        530.8243917713812,
        768.3649441682833,
        1041.6115003366249,
        1353.2793770604974,
        1705.3073316709167,
        2098.482725899766,
        2532.0482376651307,
        3003.3425819771296,
        3507.5462671935034,
        4037.612128438808,
        4584.450328620993,
        5137.402624633397,
        5684.982875120029,
        6215.793302748282,
        6719.471489461914,
        7187.50435526161,
        7613.7734591512035,
        7994.762435044434,
        8329.437559714055,
        8618.878061501686,
        8865.765600522815,
        9073.840386629448,
        9247.405446411076,
        9390.925757217063,
        9508.737519756354,
        9604.860890540895,
        9682.897844579353,
        9745.993264678109,
        9796.838776408908,
        9837.702612072431,
        9870.47310819715,
        9896.707353918431,
        9917.679628321197,
        9934.426548287078,
        9947.787408214406,
        9958.439192590375,
        9966.92633939581,
        9973.685656346179,
        9979.066940346256,
        9983.34989190853,
        9986.757896771393,
        9989.469196220596,
        9991.625903936638,
        9993.341261245414,
        9994.70546025287,
        9995.79030829016,
        9996.652958382096,
        9997.338889062701,
        9997.884282256131,
        9998.317919344654,
        9998.662692120488,
        9998.936806256334,
        9999.154739496547,
        9999.328004324914,
        9999.465754858322,
        9999.575269689427,
        9999.662335975574,
        9999.731554934258,
        9999.786584803544,
        9999.830334053442,
        9999.865115025543,
        9999.892766099621,
        9999.914748830715,
        9999.93222518233,
        9999.946118932678,
        9999.957164496318,
        9999.96594573971,
        9999.972926841036,
        9999.978476824697,
        9999.982889066832,
        9999.98639680257,
        9999.989185454526,
        9999.991402434125,
        9999.993164933725,
        9999.994566121424,
        9999.995680065971,
        9999.996565652093,
        9999.997269693189,
        9999.997829405944,
        9999.998274377636,
        9999.998628130164,
        9999.998909363445,
        9999.999132943916,
        9999.999310690398,
        9999.999451998858,
        9999.999564339087,
        9999.999653649571,
        9999.999724651407,
        9999.999781097868,
        9999.999825972804,
        9999.999861648379,
        9999.99989001046,
        9999.999912558316,
        9999.999930483862,
        9999.99994473467,
        9999.999956064063,
        9999.99996507093,
        9999.99997223139
      ]
    }
  },
  "metrics": {
    "final_adopters": 9999.99997223139,
    "market_potential": 10000,
    "adoption_fraction": 0.9999999972231389
  }
}